{"train_loss": [0.34045224104608807, 0.18378259064186186, 0.15866280843814215, 0.14468436936537424, 0.11934873639118104, 0.10574003202574593, 0.10414315582740874, 0.09163414030557587, 0.0949634841332833, 0.08687929312388103, 0.09117675945162773, 0.07513568071382386, 0.06495359398069836, 0.06354413687118463, 0.05386894506712755, 0.047192876936779135, 0.05719741726560252, 0.0578846860943096, 0.053700101162706106, 0.058150790276981536, 0.047234956973365376, 0.05221200827509165, 0.04659048929100945, 0.04234121691080786, 0.05249961361377722, 0.05336562295754751, 0.030135919783441795, 0.03748447496798776, 0.04121082697418474, 0.035759774302797656, 0.03563573042906466, 0.0333316507527516, 0.03761154448702222, 0.04095779095465938, 0.040325118406187924, 0.029546761397449745, 0.03982606017962098, 0.03545988544023463, 0.030885149325643266, 0.03162012763676189, 0.023849431935343005, 0.028815779768462692, 0.029178781612288384, 0.03464004192279563, 0.02521905056866152, 0.025416072458028793, 0.025162737639177413, 0.027599668019406852, 0.021789981473592065, 0.021110779572544352, 0.022601680175977804, 0.023095345279822748, 0.02649923795390697, 0.018561506998680886, 0.027325096939291273, 0.02041991745742659, 0.022596938912534996, 0.02385684140470056, 0.028856497257947922, 0.022521829720409142, 0.019862053583243063, 0.020918697650943483, 0.028981332955438466, 0.018336876007240443, 0.021453469271017683, 0.029411268475953312, 0.02406597552111461, 0.022243362940138296, 0.022156259200225275, 0.022695849649608135, 0.016969731077551842, 0.02000479844753586, 0.023179859665799, 0.023010049990954854, 0.0219617456729923, 0.017728962514194705, 0.02366774229864989, 0.02454363007009739, 0.020378105286952285, 0.02536689459035794, 0.02882382940013139, 0.01768188300775364, 0.01941179720285748, 0.019753445582907824, 0.023705419718420932, 0.023256830937628235, 0.027090920767347728, 0.019991832314103487, 0.018561013796854587, 0.02385957618909223, 0.021804453938135078, 0.024347274763775722, 0.014993517094158701, 0.028143155033744517, 0.018218666087791678, 0.017282268060149535, 0.019160568514572724, 0.02250457124873286, 0.021710640739738232, 0.024177731535885306], "val_loss": [5.003510342087856, 3.550786473030268, 1.501789650251699, 2.060831851737444, 0.37330802443415617, 0.2016238239268924, 0.5803923634595649, 0.38455106283343116, 0.49788043596023734, 0.4763042081234067, 0.2249179770087087, 0.14675926122554514, 0.17346412393935892, 0.14239056165828262, 0.0937335652320884, 0.11964821694202202, 0.09670238023580507, 0.187512151030607, 0.10984317819739498, 0.18615882947694423, 0.10712735224948373, 0.11871946689694426, 0.098424791250118, 0.10714373928169872, 0.10319186868362648, 0.09344821969090505, 0.07905270107263743, 0.05775693873333376, 0.07279251931711685, 0.05452882762738438, 0.07610043909314067, 0.08406086612579435, 0.07673764090205348, 0.1244760845289674, 0.07439895238467427, 0.08920445709034454, 0.050104854411857074, 0.06945612125618514, 0.06914512800096079, 0.06931183786066465, 0.07110493786113206, 0.06572775490755259, 0.061272985886695774, 0.06252982294143633, 0.06054587904797044, 0.04255596149799436, 0.044696095377899876, 0.05296892716094505, 0.059868556815524436, 0.056090791558110434, 0.051164088380891225, 0.06352763986864755, 0.06269746836881306, 0.07100900141305702, 0.06601067008667214, 0.06157560334649197, 0.05863978105142366, 0.06074515920738841, 0.05984423170949137, 0.06387009073135465, 0.06507504896022552, 0.06874574097089989, 0.06420809914206349, 0.06978543258683625, 0.07325672228322473, 0.07856200722067855, 0.0736660735551701, 0.07463181452002636, 0.07120565775521966, 0.07097733020782471, 0.06644910418016967, 0.06250465713268102, 0.06452066208734068, 0.06301919076331826, 0.05949900342628013, 0.05726680837484986, 0.06083285635293916, 0.0588552875574245, 0.05691304551654084, 0.05839831884517226, 0.05789864132570666, 0.055515017447083495, 0.0561582543562318, 0.05539827336838772, 0.055494658995506374, 0.05390061871256939, 0.05288131084553031, 0.05265300339737604, 0.05345450099124465, 0.05285812455207803, 0.05389598193903302, 0.05520453893168028, 0.05572638755967451, 0.05632290460689123, 0.05522879252080307, 0.05469695695264395, 0.05374832468670468, 0.05326097077408502, 0.05489953373407209, 0.05468682303678158], "val_acc": [0.5843023061752319, 0.5959302186965942, 0.7529069781303406, 0.7122092843055725, 0.8808139562606812, 0.9244186282157898, 0.8779069781303406, 0.895348846912384, 0.8866279125213623, 0.8866279125213623, 0.9389534592628479, 0.9476743936538696, 0.9360464811325073, 0.9651162624359131, 0.9622092843055725, 0.9622092843055725, 0.9593023061752319, 0.944767415523529, 0.9593023061752319, 0.944767415523529, 0.9593023061752319, 0.9505813717842102, 0.9593023061752319, 0.9680232405662537, 0.9680232405662537, 0.9563953280448914, 0.9651162624359131, 0.979651153087616, 0.979651153087616, 0.9767441749572754, 0.9767441749572754, 0.9767441749572754, 0.9767441749572754, 0.9593023061752319, 0.9709302186965942, 0.9680232405662537, 0.9854651093482971, 0.9767441749572754, 0.9767441749572754, 0.9825581312179565, 0.9738371968269348, 0.9709302186965942, 0.9680232405662537, 0.9680232405662537, 0.9680232405662537, 0.979651153087616, 0.979651153087616, 0.9738371968269348, 0.9709302186965942, 0.979651153087616, 0.9825581312179565, 0.9825581312179565, 0.979651153087616, 0.9767441749572754, 0.9767441749572754, 0.9767441749572754, 0.9767441749572754, 0.9738371968269348, 0.9767441749572754, 0.9767441749572754, 0.979651153087616, 0.9767441749572754, 0.979651153087616, 0.979651153087616, 0.9738371968269348, 0.9825581312179565, 0.9825581312179565, 0.979651153087616, 0.979651153087616, 0.9854651093482971, 0.9825581312179565, 0.9854651093482971, 0.9767441749572754, 0.9767441749572754, 0.9767441749572754, 0.9825581312179565, 0.9854651093482971, 0.9825581312179565, 0.9883720874786377, 0.9883720874786377, 0.9883720874786377, 0.9883720874786377, 0.9883720874786377, 0.9883720874786377, 0.9854651093482971, 0.9825581312179565, 0.9825581312179565, 0.9825581312179565, 0.9825581312179565, 0.9825581312179565, 0.9825581312179565, 0.979651153087616, 0.979651153087616, 0.979651153087616, 0.9825581312179565, 0.9825581312179565, 0.9825581312179565, 0.9825581312179565, 0.9825581312179565, 0.9825581312179565],